Date,Name,Age
16th Feb,James,14
29th Dec,John,17
Date,Name,Age
16th Feb,James,14
29th Dec,John,17
15th Dec,Hannah,12
Date,Name,Age
16th Feb,James,14
29th Dec,John,17
15th Dec,Hannah,12
Date,Name,Age
16th Feb,James,14
29th Dec,John,17
15th Dec,Hannah,12
Date,Name,Age
16th Feb,James,14
29th Dec,John,17
15th Dec,Hannah,12
Date,Name,Age
16th Feb,James,14
29th Dec,John,17
15th Dec,Hannah,12
Date,Name,Age
16th Feb,James,14
29th Dec,John,17
15th Dec,Hannah,12
Date,Name,Age
16th Feb,James,14
29th Dec,John,17
15th Dec,Hannah,12
Date,Name,Age
16th Feb,James,14
29th Dec,John,17
15th Dec,Hannah,12
Date,Name,Age
16th Feb,James,14
29th Dec,John,17
15th Dec,Hannah,12
Date,Name,Age
16th Feb,James,14
29th Dec,John,17
15th Dec,Hannah,12
Date,Name,Age
16th Feb,James,14
29th Dec,John,17
15th Dec,Hannah,12
Date,Name,Age
